,Model,Accuracy,AUC_ROC,Precision,Recall,AUC_PRC,f1 score
0,Baseline,0.9451921792188127,0.49998421732182247,0.027877316404571983,0.028403293219214483,0.04172423568972692,0.02812773092749718
