,loss,f1,precision,recall,pr-auc,roc-auc,acc
0,0.7103451490402222,0.07243169844150543,0.040418680757284164,0.729651153087616,0.04312823712825775,0.6420100927352905,0.5148438215255737
1,0.7252305746078491,0.0729270949959755,0.040681518614292145,0.751937985420227,0.04504568502306938,0.6494201421737671,0.5041819214820862
2,0.7359574437141418,0.07105095684528351,0.03965429589152336,0.7558139562606812,0.04391934350132942,0.6469866037368774,0.4884963929653168
3,0.7135491371154785,0.07347816228866577,0.041165612637996674,0.713178277015686,0.04362115263938904,0.6456402540206909,0.5340031385421753
4,0.7168209552764893,0.07227674126625061,0.040449317544698715,0.7257751822471619,0.04509398713707924,0.6479572057723999,0.5176495909690857
5,0.7287190556526184,0.06979090720415115,0.038929566740989685,0.7160852551460266,0.04161086678504944,0.6309741735458374,0.5046629309654236
6,0.6999608874320984,0.07288766652345657,0.04101201519370079,0.6879844665527344,0.04341869801282883,0.6436905860900879,0.5477647185325623
7,0.7171785235404968,0.07246194034814835,0.040729619562625885,0.6967054009437561,0.04394453391432762,0.64235520362854,0.5391336679458618
